Workbook

Sheet Instructions
A1: Batch Registry — CSE Dept, Varendra University
A3: Purpose: track every active batch, which curriculum they follow, and which semester-position (1st–8th) they are currently in — computed automatically instead of updated by hand each term.
A5: How it works:
A6: 1. Set "Current Term" on that tab (Season + Year) once per semester — everything else recalculates from that.
A7: 2. On "Batches", add one row per batch: Batch No, Curriculum, Admission Season, Admission Year, Sections.
A8: 3. "Current Semester Position" and "Status" are formulas — do not edit them directly.
A9: - Status = Active: this batch needs courses assigned this term (their row feeds the course-requirements list).
A10: - Status = Graduated: 8th semester is behind them — no longer relevant, but keep the row for history.
A11: - Status = Not Yet Admitted: admission term is in the future — ignore for now.
A12: 4. "Section Overrides" tab: by default, every course a batch is due for runs in ALL of that batch's sections. Only add a row here for an exception (a course that, this term, doesn't run in every section).
A13: 5. When a batch finishes, leave the row (useful history) — the generator only pulls Active rows.
A14: 6. When a new batch is admitted, add a new row. When a new curriculum is introduced, add it to "Curriculum Versions" and start using its name here.

Sheet Current Term
A1: Current Term Season | B1: Summer
A2: Current Term Year | B2: 2026
A4: Update these two cells once per semester. Everything on the Batches tab recalculates automatically.

Sheet Curriculum Versions
A1: Curriculum Name | B1: Batch Range | C1: Introduced (Term) | D1: Notes
A2: Curriculum A | B2: 32nd–35th | D2: Course list to come from uploaded syllabus
A3: Curriculum B | B3: 36th–37th | D3: Course list to come from uploaded syllabus
A4: Curriculum C | B4: 38th–onward | D4: Course list to come from uploaded syllabus

Sheet Batches
A1: Batch No | B1: Curriculum | C1: Admission Season | D1: Admission Year | E1: Sections | F1: Current Semester Position | G1: Status | H1: Notes
A2: 32 | B2: Curriculum A | C2: Summer | D2: 2023 | E2: 6 | F2: =('Current Term'!$B$2*2+IF('Current Term'!$B$1="Summer",1,0))-(D2*2+IF(C2="Summer",1,0))+1 -> 7 | G2: =IF(F2<1,"Not Yet Admitted",IF(F2>8,"Graduated","Active")) -> Active | H2: EXAMPLE — replace with real admission data
A3: 36 | B3: Curriculum B | C3: Spring | D3: 2025 | E3: 5 | F3: =('Current Term'!$B$2*2+IF('Current Term'!$B$1="Summer",1,0))-(D3*2+IF(C3="Summer",1,0))+1 -> 4 | G3: =IF(F3<1,"Not Yet Admitted",IF(F3>8,"Graduated","Active")) -> Active | H3: EXAMPLE — replace with real admission data
A4: 38 | B4: Curriculum C | C4: Summer | D4: 2025 | E4: 7 | F4: =('Current Term'!$B$2*2+IF('Current Term'!$B$1="Summer",1,0))-(D4*2+IF(C4="Summer",1,0))+1 -> 3 | G4: =IF(F4<1,"Not Yet Admitted",IF(F4>8,"Graduated","Active")) -> Active | H4: EXAMPLE — replace with real admission data
F5: =IF(D5="","",('Current Term'!$B$2*2+IF('Current Term'!$B$1="Summer",1,0))-(D5*2+IF(C5="Summer",1,0))+1) | G5: =IF(D5="","",IF(F5<1,"Not Yet Admitted",IF(F5>8,"Graduated","Active")))
F6: =IF(D6="","",('Current Term'!$B$2*2+IF('Current Term'!$B$1="Summer",1,0))-(D6*2+IF(C6="Summer",1,0))+1) | G6: =IF(D6="","",IF(F6<1,"Not Yet Admitted",IF(F6>8,"Graduated","Active")))
F7: =IF(D7="","",('Current Term'!$B$2*2+IF('Current Term'!$B$1="Summer",1,0))-(D7*2+IF(C7="Summer",1,0))+1) | G7: =IF(D7="","",IF(F7<1,"Not Yet Admitted",IF(F7>8,"Graduated","Active")))
F8: =IF(D8="","",('Current Term'!$B$2*2+IF('Current Term'!$B$1="Summer",1,0))-(D8*2+IF(C8="Summer",1,0))+1) | G8: =IF(D8="","",IF(F8<1,"Not Yet Admitted",IF(F8>8,"Graduated","Active")))
F9: =IF(D9="","",('Current Term'!$B$2*2+IF('Current Term'!$B$1="Summer",1,0))-(D9*2+IF(C9="Summer",1,0))+1) | G9: =IF(D9="","",IF(F9<1,"Not Yet Admitted",IF(F9>8,"Graduated","Active")))
F10: =IF(D10="","",('Current Term'!$B$2*2+IF('Current Term'!$B$1="Summer",1,0))-(D10*2+IF(C10="Summer",1,0))+1) | G10: =IF(D10="","",IF(F10<1,"Not Yet Admitted",IF(F10>8,"Graduated","Active")))
F11: =IF(D11="","",('Current Term'!$B$2*2+IF('Current Term'!$B$1="Summer",1,0))-(D11*2+IF(C11="Summer",1,0))+1) | G11: =IF(D11="","",IF(F11<1,"Not Yet Admitted",IF(F11>8,"Graduated","Active")))
F12: =IF(D12="","",('Current Term'!$B$2*2+IF('Current Term'!$B$1="Summer",1,0))-(D12*2+IF(C12="Summer",1,0))+1) | G12: =IF(D12="","",IF(F12<1,"Not Yet Admitted",IF(F12>8,"Graduated","Active")))
F13: =IF(D13="","",('Current Term'!$B$2*2+IF('Current Term'!$B$1="Summer",1,0))-(D13*2+IF(C13="Summer",1,0))+1) | G13: =IF(D13="","",IF(F13<1,"Not Yet Admitted",IF(F13>8,"Graduated","Active")))
F14: =IF(D14="","",('Current Term'!$B$2*2+IF('Current Term'!$B$1="Summer",1,0))-(D14*2+IF(C14="Summer",1,0))+1) | G14: =IF(D14="","",IF(F14<1,"Not Yet Admitted",IF(F14>8,"Graduated","Active")))
F15: =IF(D15="","",('Current Term'!$B$2*2+IF('Current Term'!$B$1="Summer",1,0))-(D15*2+IF(C15="Summer",1,0))+1) | G15: =IF(D15="","",IF(F15<1,"Not Yet Admitted",IF(F15>8,"Graduated","Active")))
F16: =IF(D16="","",('Current Term'!$B$2*2+IF('Current Term'!$B$1="Summer",1,0))-(D16*2+IF(C16="Summer",1,0))+1) | G16: =IF(D16="","",IF(F16<1,"Not Yet Admitted",IF(F16>8,"Graduated","Active")))
... F29: =IF(D29="","",('Current Term'!$B$2*2+IF('Current Term'!$B$1="Summer",1,0))-(D29*2+IF(C29="Summer",1,0))+1) | G29: =IF(D29="","",IF(F29<1,"Not Yet Admitted",IF(F29>8,"Graduated","Active")))

Sheet Section Overrides
A1: Batch No | B1: Course Code | C1: Sections That Need This Course | D1: Notes
A2: 38 | B2: CSE 4101 | C2: C,D,E | D2: EXAMPLE — only these sections need this course this term (e.g. others already completed it as a retake-only case). Leave this table empty if every course simply runs in all of a batch's sections.
